3443.1610,06009.0036,3439.1284,06005.6532
3443.1628,06009.0048,3439.1248,06005.6580
3443.1628,06009.0048,3439.1248,06005.6580
3443.1622,06009.0036,3439.1176,06005.6802
3443.1622,06009.0036,3439.1176,06005.6802
3443.1622,06009.0036,3439.1164,06005.6868
3443.1622,06009.0036,3439.1164,06005.6868
3443.1622,06009.0036,3439.1098,06005.7006
3443.1622,06009.0018,3439.0978,06005.7144
3443.1622,06009.0018,3439.0978,06005.7144
3443.1622,06009.0018,3439.0954,06005.7198
3443.1622,06009.0036,3439.0912,06005.7276
3443.1622,06009.0036,3439.0912,06005.7276
3443.1610,06009.0024,3439.0834,06005.7372
3443.1610,06009.0024,3439.0834,06005.7372
3443.1616,06009.0048,3439.0678,06005.7540
3443.1616,06009.0048,3439.0684,06005.7540
3443.1616,06009.0048,3439.0684,06005.7540
3443.1616,06009.0048,3439.0684,06005.7540
3443.1616,06009.0048,3439.0684,06005.7540
3443.1616,06009.0048,3439.0684,06005.7540
3443.1586,06009.0096,3439.0570,06005.7660
3443.1604,06009.0030,3439.0570,06005.7660
3443.1604,06009.0030,3439.0528,06005.7702
3443.1604,06009.0030,3439.0456,06005.7762
3443.1604,06009.0030,3439.0456,06005.7762
3443.1598,06009.0048,3439.0456,06005.7762
3443.1598,06009.0048,3439.0456,06005.7762
3443.1598,06009.0048,3439.0456,06005.7762
3443.1598,06009.0048,3439.0456,06005.7762
3443.1598,06009.0048,3439.0456,06005.7762
3443.1598,06009.0048,3439.0456,06005.7762
3443.1598,06009.0048,3439.0414,06005.7792
3443.1598,06009.0048,3439.0414,06005.7792
3443.1598,06009.0048,3439.0414,06005.7792
3443.1598,06009.0048,3439.0414,06005.7792
3443.1598,06009.0048,3439.0414,06005.7792
3443.1622,06009.0048,3439.0366,06005.7834
3443.1622,06009.0048,3439.0318,06005.7846
3443.1622,06009.0048,3439.0318,06005.7846
3443.1622,06009.0036,3439.0210,06005.7876
3443.1622,06009.0036,3439.0210,06005.7876
3443.1604,06009.0024,3439.0168,06005.7936
3443.1604,06009.0024,3439.0168,06005.7936
3443.1604,06009.0006,3439.0114,06005.7966
3443.1604,06009.0006,3439.0114,06005.7966
3443.1598,06009.0042,3439.0114,06005.7966
3443.1598,06009.0042,3439.0114,06005.7966
3443.1604,06009.0048,3439.0078,06005.8014
3443.1604,06009.0048,3439.0078,06005.8014
3443.1634,06009.0054,3438.9976,06005.8050
3443.1652,06008.9994,3438.9742,06005.8104
3443.1652,06008.9994,3438.9742,06005.8104
3443.1652,06008.9994,3438.9742,06005.8104
3443.1652,06008.9994,3438.9742,06005.8104
3443.1634,06009.0042,3438.9616,06005.8110
3443.1640,06008.9976,3438.9616,06005.8110
3443.1640,06008.9976,3438.9616,06005.8110
3443.1640,06008.9976,3438.9616,06005.8110
3443.1640,06008.9976,3438.9562,06005.8110
3443.1640,06008.9976,3438.9508,06005.8110
3443.1640,06008.9976,3438.9508,06005.8110
3443.1646,06009.0036,3438.9328,06005.8140
3443.1622,06009.0042,3438.9226,06005.8146
3443.1628,06009.0060,3438.9148,06005.8128
3443.1628,06009.0060,3438.9148,06005.8128
3443.1682,06009.0036,3438.9094,06005.8110
3443.1682,06009.0036,3438.9094,06005.8110
3443.1634,06009.0054,3438.9040,06005.8104
3443.1634,06009.0054,3438.9040,06005.8104
3443.1712,06009.0030,3438.8866,06005.8038
3443.1664,06009.0024,3438.8764,06005.8002
3443.1664,06009.0024,3438.8710,06005.7978
3443.1664,06009.0024,3438.8638,06005.7960
3443.1664,06009.0024,3438.8638,06005.7960
3443.1664,06009.0024,3438.8638,06005.7960
3443.1664,06009.0024,3438.8638,06005.7960
3443.1664,06009.0024,3438.8638,06005.7960
3443.1664,06009.0024,3438.8638,06005.7960
3443.1664,06009.0024,3438.8638,06005.7960
3443.1664,06009.0024,3438.8638,06005.7960
3443.1664,06009.0024,3438.8638,06005.7960
3443.1664,06009.0024,3438.8638,06005.7960
3443.1664,06009.0024,3438.8638,06005.7960
3443.1664,06009.0024,3438.8638,06005.7960
3443.1664,06009.0024,3438.8638,06005.7960
3443.1664,06009.0024,3438.8638,06005.7960
3443.1664,06009.0024,3438.8638,06005.7960
3443.1664,06009.0024,3438.8638,06005.7960
3443.1664,06009.0024,3438.8638,06005.7960
3443.1664,06009.0024,3438.8638,06005.7960
3443.1670,06009.0036,3438.8590,06005.7990
3443.1670,06009.0036,3438.8590,06005.7990
3443.1670,06009.0036,3438.8590,06005.7990
3443.1670,06009.0036,3438.8590,06005.7990
3443.1670,06009.0036,3438.8590,06005.7990
3443.1670,06009.0036,3438.8590,06005.7990
3443.1646,06009.0054,3438.8542,06005.7954
3443.1646,06009.0054,3438.8542,06005.7954
3443.1646,06009.0054,3438.8542,06005.7954
3443.1646,06009.0054,3438.8542,06005.7954
3443.1646,06009.0054,3438.8542,06005.7954
3443.1646,06009.0054,3438.8542,06005.7954
3443.1646,06009.0054,3438.8542,06005.7954
3443.1646,06009.0054,3438.8542,06005.7954
3443.1646,06009.0054,3438.8542,06005.7954
3443.1652,06009.0060,3438.8386,06005.7804
3443.1676,06009.0024,3438.8332,06005.7780
3443.1682,06009.0018,3438.8302,06005.7726
3443.1682,06009.0018,3438.8302,06005.7726
